ticker,company_name,ipo_date,year,cik
MKDTY,Molecular Data Inc.,2019-12-30,2019,
INDO,Indonesia Energy Corporation Limited,2019-12-19,2019,0001757840
MNPR,Monopar Therapeutics Inc.,2019-12-19,2019,0001645469
SPT,"Sprout Social, Inc.",2019-12-13,2019,0001517375
BILL,"BILL Holdings, Inc.",2019-12-12,2019,0001786352
EH,EHang Holdings Limited,2019-12-12,2019,0001759783
XP,XP Inc.,2019-12-11,2019,0001787425
LMPX,"LMP Automotive Holdings, Inc.",2019-12-05,2019,
PINE,"Alpine Income Property Trust, Inc.",2019-11-22,2019,0001786117
CAN,Canaan Inc.,2019-11-21,2019,0001780652
SITM,SiTime Corporation,2019-11-21,2019,0001451809
YAYO,"EVmo, Inc.",2019-11-13,2019,
CNSP,"CNS Pharmaceuticals, Inc.",2019-11-08,2019,0001729427
KRKR,36Kr Holdings Inc.,2019-11-08,2019,0001779476
TELA,"TELA Bio, Inc.",2019-11-08,2019,0001561921
GRTX,"Galera Therapeutics, Inc.",2019-11-07,2019,0001563577
DUO,Fangdd Network Group Ltd.,2019-11-01,2019,0001750593
RAPT,"Rapt Therapeutics, Inc.",2019-10-31,2019,0001673772
CABA,"Cabaletta Bio, Inc.",2019-10-25,2019,0001759138
DAO,"Youdao, Inc.",2019-10-25,2019,0001781753
PAVS,Paranovus Entertainment Technology Ltd.,2019-10-25,2019,0001751876
PGNY,"Progyny, Inc.",2019-10-25,2019,0001551306
PHAT,"Phathom Pharmaceuticals, Inc.",2019-10-25,2019,0001783183
BRBR,"BellRing Brands, Inc.",2019-10-17,2019,0001772016
IPHA,Innate Pharma S.A.,2019-10-17,2019,0001598599
HBT,"HBT Financial, Inc.",2019-10-11,2019,0000775215
VIR,"Vir Biotechnology, Inc.",2019-10-11,2019,0001706431
BNTX,BioNTech SE,2019-10-10,2019,0001776985
APRE,"Aprea Therapeutics, Inc.",2019-10-03,2019,0001781983
KRRO,"Korro Bio, Inc.",2019-10-03,2019,0001703647
MCBS,"MetroCity Bankshares, Inc.",2019-10-03,2019,0001747068
OPRT,Oportun Financial Corporation,2019-09-26,2019,0001538716
PTON,"Peloton Interactive, Inc.",2019-09-26,2019,0001639825
DDOG,"Datadog, Inc.",2019-09-19,2019,0001561550
XGN,Exagen Inc.,2019-09-19,2019,0001274737
NVST,Envista Holdings Corporation,2019-09-18,2019,0001757073
ALRS,Alerus Financial Corporation,2019-09-13,2019,0000903419
NET,"Cloudflare, Inc.",2019-09-13,2019,0001477333
TXG,"10x Genomics, Inc.",2019-09-12,2019,0001770787
JFU,9F Inc.,2019-08-15,2019,0001619544
BTOG,Bit Origin Ltd,2019-08-14,2019,0001735556
INMD,InMode Ltd.,2019-08-08,2019,0001742692
AMTD,AMTD IDEA Group,2019-08-05,2019,0001769731
DT,"Dynatrace, Inc.",2019-08-01,2019,0001773383
KRUS,"Kura Sushi USA, Inc.",2019-08-01,2019,0001772177
SNDL,SNDL Inc.,2019-08-01,2019,0001766600
BORR,Borr Drilling Limited,2019-07-31,2019,0001715497
BHAT,Blue Hat Interactive Entertainment Technology,2019-07-26,2019,0001759136
VIST,"Vista Energy, S.A.B. de C.V.",2019-07-26,2019,0001762506
CSTL,"Castle Biosciences, Inc.",2019-07-25,2019,0001447362
HCAT,"Health Catalyst, Inc.",2019-07-25,2019,0001636422
EIC,Eagle Point Income Company Inc.,2019-07-24,2019,0001754836
AFYA,Afya Limited,2019-07-19,2019,0001771007
IFS,Intercorp Financial Services Inc.,2019-07-19,2019,0001615903
FULC,"Fulcrum Therapeutics, Inc.",2019-07-18,2019,0001680581
IHRT,"iHeartMedia, Inc.",2019-07-18,2019,0001400891
MIRM,"Mirum Pharmaceuticals, Inc.",2019-07-18,2019,0001759425
OBDC,Blue Owl Capital Corporation,2019-07-18,2019,0001655888
PHR,"Phreesia, Inc.",2019-07-18,2019,0001412408
DOYU,DouYu International Holdings Limited,2019-07-17,2019,0001762417
RMBI,"Richmond Mutual Bancorporation, Inc.",2019-07-02,2019,0001767837
REAL,"The RealReal, Inc.",2019-06-28,2019,0001573221
ADPT,Adaptive Biotechnologies Corporation,2019-06-27,2019,0001478320
BBIO,"BridgeBio Pharma, Inc.",2019-06-27,2019,0001743881
CMBM,Cambium Networks Corporation,2019-06-26,2019,0001738177
GO,Grocery Outlet Holding Corp.,2019-06-20,2019,0001771515
PSNL,"Personalis, Inc.",2019-06-20,2019,0001527753
STOK,"Stoke Therapeutics, Inc.",2019-06-19,2019,0001623526
CHWY,"Chewy, Inc.",2019-06-14,2019,0001766502
FVRR,Fiverr International Ltd.,2019-06-13,2019,0001762301
CRWD,"CrowdStrike Holdings, Inc.",2019-06-12,2019,0001535527
RVLV,"Revolve Group, Inc.",2019-06-07,2019,0001746618
GOTU,Gaotu Techedu Inc.,2019-06-06,2019,0001768259
BCYC,Bicycle Therapeutics plc,2019-05-23,2019,0001761612
IDYA,"IDEAYA Biosciences, Inc.",2019-05-23,2019,0001676725
AVTR,"Avantor, Inc.",2019-05-17,2019,0001722482
FSLY,"Fastly, Inc.",2019-05-17,2019,0001517413
LKNCY,"Luckin Coffee, Inc.",2019-05-17,2019,0001767582
PSTL,"Postal Realty Trust, Inc.",2019-05-15,2019,0001759774
JFIN,Jiayin Group Inc.,2019-05-10,2019,0001743102
SONM,"DNA X, Inc.",2019-05-10,2019,0001178697
UBER,"Uber Technologies, Inc.",2019-05-10,2019,0001543151
MEC,"Mayville Engineering Company, Inc.",2019-05-09,2019,0001766368
NXTC,"NextCure, Inc.",2019-05-09,2019,0001661059
QNCX,"Quince Therapeutics, Inc.",2019-05-09,2019,0001662774
SPFI,"South Plains Financial, Inc.",2019-05-09,2019,0001163668
PSN,Parsons Corporation,2019-05-08,2019,0000275880
TRVI,"Trevi Therapeutics, Inc.",2019-05-07,2019,0001563880
TBBA,"TEB Bancorp, Inc.",2019-05-06,2019,
RRBI,"Red River Bancshares, Inc.",2019-05-03,2019,0001071236
YJ,Yunji Inc.,2019-05-03,2019,0001759614
BYND,"Beyond Meat, Inc.",2019-05-02,2019,0001655210
SY,So-Young International Inc.,2019-05-02,2019,0001758530
TMDX,"TransMedics Group, Inc.",2019-05-02,2019,0001756262
WAFU,Wah Fu Education Group Limited,2019-04-30,2019,0001716770
GNLN,"Greenlane Holdings, Inc.",2019-04-18,2019,0001743745
HOOK,HOOKIPA Pharma Inc.,2019-04-18,2019,0001760542
PINS,"Pinterest, Inc.",2019-04-18,2019,0001506293
ZM,"Zoom Communications, Inc.",2019-04-18,2019,0001585521
BWAY,BrainsWay Ltd.,2019-04-17,2019,0001505065
PLMR,"Palomar Holdings, Inc.",2019-04-17,2019,0001761312
JMIA,Jumia Technologies AG,2019-04-12,2019,0001756708
PD,"PagerDuty, Inc.",2019-04-11,2019,0001568100
GHSI,"Guardion Health Sciences, Inc.",2019-04-05,2019,
TW,Tradeweb Markets Inc.,2019-04-04,2019,0001758730
LYFT,"Lyft, Inc.",2019-03-29,2019,0001759509
DTIL,"Precision BioSciences, Inc.",2019-03-28,2019,0001357874
WTRE,Watford Holdings Ltd.,2019-03-28,2019,
LEVI,Levi Strauss & Co.,2019-03-21,2019,0000094845
TIGR,UP Fintech Holding Limited,2019-03-20,2019,0001756699
FUTU,Futu Holdings Limited,2019-03-08,2019,0001754581
KLDO,"Kaleido Biosciences, Inc.",2019-02-28,2019,
SLE,"Super League Enterprise, Inc.",2019-02-26,2019,0001621672
AREC,American Resources Corporation,2019-02-15,2019,0001590715
HOTH,"Hoth Therapeutics, Inc.",2019-02-15,2019,0001711786
BACK,"IMAC Holdings, Inc.",2019-02-13,2019,0001729944
GOSS,"Gossamer Bio, Inc.",2019-02-08,2019,0001728117
ALEC,"Alector, Inc.",2019-02-07,2019,0001653087
INMB,INmune Bio Inc.,2019-02-04,2019,0001711754
NFE,New Fortress Energy Inc.,2019-01-31,2019,0001749723
RBKB,"Rhinebeck Bancorp, Inc.",2019-01-17,2019,0001751783
BCOW,"1895 Bancorp of Wisconsin, Inc.",2019-01-09,2019,0001847360
MTC,"MMTec, Inc.",2019-01-08,2019,0001742518
SXTC,"China SXT Pharmaceuticals, Inc.",2019-01-04,2019,0001723980
MRM,MEDIROM Healthcare Technologies Inc.,2020-12-29,2020,0001819704
IKT,"Inhibikase Therapeutics, Inc.",2020-12-23,2020,0001750149
MASS,908 Devices Inc.,2020-12-18,2020,0001555279
BCAB,"BioAtla, Inc.",2020-12-16,2020,0001826892
LOGC,"ContextLogic, Inc.",2020-12-16,2020,0002064307
SCPS,"Scopus Biopharma, Inc.",2020-12-16,2020,
UPST,"Upstart Holdings, Inc.",2020-12-16,2020,0001647639
OCG,Oriental Culture Holding LTD,2020-12-15,2020,0001776067
WNW,Meiwu Technology Company Limited,2020-12-15,2020,0001787803
ABCL,AbCellera Biologics Inc.,2020-12-11,2020,0001703057
CERT,"Certara, Inc.",2020-12-11,2020,0001827090
FDMT,"4D Molecular Therapeutics, Inc.",2020-12-11,2020,0001650648
NBTX,Nanobiotix S.A.,2020-12-11,2020,0001760854
VVOS,"Vivos Therapeutics, Inc.",2020-12-11,2020,0001716166
ABNB,"Airbnb, Inc.",2020-12-10,2020,0001559720
HYFM,"Hydrofarm Holdings Group, Inc.",2020-12-10,2020,0001695295
AI,"C3.ai, Inc.",2020-12-09,2020,0001577526
DASH,"DoorDash, Inc.",2020-12-09,2020,0001792789
PUBM,"PubMatic, Inc.",2020-12-09,2020,0001422930
SEER,"Seer, Inc.",2020-12-04,2020,0001726445
YQ,17 Education & Technology Group Inc.,2020-12-04,2020,0001821468
DCBO,Docebo Inc.,2020-12-03,2020,0001829959
VMAR,Vision Marine Technologies Inc.,2020-11-24,2020,0001813783
MRVI,"Maravai LifeSciences Holdings, Inc.",2020-11-20,2020,0001823239
SHC,Sotera Health Company,2020-11-20,2020,0001822479
OLMA,"Olema Pharmaceuticals, Inc.",2020-11-19,2020,0001750284
TLS,Telos Corporation,2020-11-19,2020,0000320121
YSG,Yatsen Holding Limited,2020-11-19,2020,0001819580
AVIR,"Atea Pharmaceuticals, Inc.",2020-10-30,2020,0001593899
CNXX,CONX Corp.,2020-10-30,2020,
LU,Lufax Holding Ltd,2020-10-30,2020,0001816007
SQZB,SQZ Biotechnologies Company,2020-10-30,2020,
ALGM,"Allegro MicroSystems, Inc.",2020-10-29,2020,0000866291
LESL,"Leslie's, Inc.",2020-10-29,2020,0001821806
ACIC,Atlas Crest Investment Corp.,2020-10-28,2020,0001401521
BDSX,"Biodesix, Inc.",2020-10-28,2020,0001439725
MAX,"MediaAlpha, Inc.",2020-10-28,2020,0001818383
ROOT,"Root, Inc.",2020-10-28,2020,0001788882
FHTX,Foghorn Therapeutics Inc.,2020-10-23,2020,0001822462
ALGS,"Aligos Therapeutics, Inc.",2020-10-16,2020,0001799448
PRAX,"Praxis Precision Medicines, Inc.",2020-10-16,2020,0001689548
TARS,"Tarsus Pharmaceuticals, Inc.",2020-10-16,2020,0001819790
ARRY,"Array Technologies, Inc.",2020-10-15,2020,0001820721
EBC,"Eastern Bankshares, Inc.",2020-10-15,2020,0001810546
MNSO,MINISO Group Holding Limited,2020-10-15,2020,0001815846
IH,iHuman Inc.,2020-10-09,2020,0001814423
INTZ,Intrusion Inc.,2020-10-09,2020,0000736012
IPOD,Social Capital Hedosophia Holdings Corp. IV,2020-10-09,2020,0002041047
SPRB,"Spruce Biosciences, Inc.",2020-10-09,2020,0001683553
STTK,"Shattuck Labs, Inc.",2020-10-09,2020,0001680367
ELUT,Elutia Inc.,2020-10-08,2020,0001708527
FUBO,FuboTV Inc.,2020-10-08,2020,0001484769
SQFT,"Presidio Property Trust, Inc.",2020-10-07,2020,0001080657
ASO,"Academy Sports and Outdoors, Inc.",2020-10-02,2020,0001817358
CCCC,"C4 Therapeutics, Inc.",2020-10-02,2020,0001662579
IMNM,"Immunome, Inc.",2020-10-02,2020,0001472012
AVO,"Mission Produce, Inc.",2020-10-01,2020,0001802974
LUNG,Pulmonx Corporation,2020-10-01,2020,0001127537
LXEH,"Lixiang Education Holding Co., Ltd.",2020-10-01,2020,0001814067
THRY,"Thryv Holdings, Inc.",2020-10-01,2020,0001556739
ASAN,"Asana, Inc.",2020-09-30,2020,0001477720
BQ,Boqii Holding Limited,2020-09-30,2020,0001815021
CD,Chindata Group Holdings Limited,2020-09-30,2020,0001527762
PLTR,Palantir Technologies Inc.,2020-09-30,2020,0001321655
YALA,Yalla Group Limited,2020-09-30,2020,0001794350
AMST,Amesite Inc.,2020-09-25,2020,0001807166
GLSI,"Greenwich LifeSciences, Inc.",2020-09-25,2020,0001799788
PMVP,"PMV Pharmaceuticals, Inc.",2020-09-25,2020,0001699382
PRLD,Prelude Therapeutics Incorporated,2020-09-25,2020,0001678660
VIAOY,VIA optronics AG,2020-09-25,2020,
TSHA,"Taysha Gene Therapies, Inc.",2020-09-24,2020,0001806310
ASPL,Aspirational Consumer Lifestyle Corp.,2020-09-23,2020,
BSY,"Bentley Systems, Incorporated",2020-09-23,2020,0001031308
CRSR,"Corsair Gaming, Inc.",2020-09-23,2020,0001743759
GDRX,"GoodRx Holdings, Inc.",2020-09-23,2020,0001809519
LSF,"Laird Superfood, Inc.",2020-09-23,2020,0001650696
CMPS,COMPASS Pathways plc,2020-09-18,2020,0001816590
U,Unity Software Inc.,2020-09-18,2020,0001810806
AMWL,American Well Corporation,2020-09-17,2020,0001393584
BNL,"Broadstone Net Lease, Inc.",2020-09-17,2020,0001424182
DYN,"Dyne Therapeutics, Inc.",2020-09-17,2020,0001818794
FROG,JFrog Ltd.,2020-09-16,2020,0001800667
SNOW,Snowflake Inc.,2020-09-16,2020,0001640147
STEP,StepStone Group Inc.,2020-09-16,2020,0001796022
OM,"Outset Medical, Inc.",2020-09-15,2020,0001484612
LSPD,Lightspeed Commerce Inc.,2020-09-11,2020,0001823306
PRFX,PRF Technologies Ltd.,2020-09-01,2020,0001801834
GP,GreenPower Motor Company Inc.,2020-08-28,2020,0001584547
XPEV,XPeng Inc.,2020-08-27,2020,0001810997
KYMR,"Kymera Therapeutics, Inc.",2020-08-21,2020,0001815442
NNOX,Nano-X Imaging Ltd.,2020-08-21,2020,0001795251
HRMY,"Harmony Biosciences Holdings, Inc.",2020-08-19,2020,0001802665
INBX,"Inhibrx Biosciences, Inc.",2020-08-19,2020,0002007919
BEKE,KE Holdings Inc.,2020-08-13,2020,0001809587
NTST,NETSTREIT Corp.,2020-08-13,2020,0001798100
KBNT,"Kubient, Inc.",2020-08-12,2020,
IBEX,IBEX Limited,2020-08-07,2020,0001720420
AFIB,"Acutus Medical, Inc.",2020-08-06,2020,
RKT,"Rocket Companies, Inc.",2020-08-06,2020,0001805284
FTHM,Fathom Holdings Inc.,2020-07-31,2020,0001753162
NHIC,NewHold Investment Corp.,2020-07-31,2020,0002043699
VITL,"Vital Farms, Inc.",2020-07-31,2020,0001579733
LI,Li Auto Inc.,2020-07-30,2020,0001791706
VERX,"Vertex, Inc.",2020-07-29,2020,0001806837
ANNX,"Annexon, Inc.",2020-07-24,2020,0001528115
NRIX,"Nurix Therapeutics, Inc.",2020-07-24,2020,0001549595
EDTK,Skillful Craftsman Education Technology Limited,2020-07-23,2020,0001782309
MEG,"Montrose Environmental Group, Inc.",2020-07-23,2020,0001643615
ALXO,ALX Oncology Holdings Inc.,2020-07-17,2020,0001810182
RNLX,Renalytix Plc,2020-07-17,2020,
RLAY,"Relay Therapeutics, Inc.",2020-07-16,2020,0001812364
GOCO,"GoHealth, Inc.",2020-07-15,2020,0001808220
NCNO,"nCino, Inc.",2020-07-14,2020,0001902733
IVA,Inventiva S.A.,2020-07-10,2020,0001756594
NKTX,"Nkarta, Inc.",2020-07-10,2020,0001787400
QH,Quhuo Limited,2020-07-10,2020,0001781193
LMND,"Lemonade, Inc.",2020-07-02,2020,0001691421
ADTX,"Aditxt, Inc.",2020-06-30,2020,0001726711
ACI,"Albertsons Companies, Inc.",2020-06-26,2020,0001646972
API,"Agora, Inc.",2020-06-26,2020,0001802883
EBON,Ebang International Holdings Inc.,2020-06-26,2020,0001799290
PYPD,PolyPid Ltd.,2020-06-26,2020,0001611842
BIOR,"Biora Therapeutics, Inc.",2020-06-19,2020,
RPRX,Royalty Pharma plc,2020-06-16,2020,0001802768
BNR,Burning Rock Biotech Limited,2020-06-12,2020,0001792267
PCVX,"Vaxcyte, Inc.",2020-06-12,2020,0001649094
RNA,"Avidity Biosciences, Inc.",2020-06-12,2020,0002093101
LTRN,Lantern Pharma Inc.,2020-06-11,2020,0001763950
UCL,uCloudlink Group Inc.,2020-06-10,2020,0001775898
VRM,"Vroom, Inc.",2020-06-09,2020,0001580864
FOUR,"Shift4 Payments, Inc.",2020-06-05,2020,0001794669
LEGN,Legend Biotech Corporation,2020-06-05,2020,0001801198
PLRX,"Pliant Therapeutics, Inc.",2020-06-03,2020,0001746473
WMG,Warner Music Group Corp.,2020-06-03,2020,0001319161
SLQT,"SelectQuote, Inc.",2020-05-21,2020,0001794783
ADCT,ADC Therapeutics SA,2020-05-15,2020,0001771910
KC,Kingsoft Cloud Holdings Limited,2020-05-08,2020,0001795589
CGRO,Collective Growth Corp.,2020-05-01,2020,
LYRA,"Lyra Therapeutics, Inc.",2020-05-01,2020,0001327273
ORIC,"ORIC Pharmaceuticals, Inc.",2020-04-24,2020,0001796280
KROS,"Keros Therapeutics, Inc.",2020-04-08,2020,0001664710
ZNTL,"Zentalis Pharmaceuticals, Inc.",2020-04-03,2020,0001725160
WIMI,WiMi Hologram Cloud Inc.,2020-04-01,2020,0001770088
ELVN,"Enliven Therapeutics, Inc.",2020-03-12,2020,0001672619
GFL,GFL Environmental Inc.,2020-03-03,2020,0001780232
PASG,"Passage Bio, Inc.",2020-02-28,2020,0001787297
ZCMD,Zhongchao Inc.,2020-02-24,2020,0001785566
RVMD,"Revolution Medicines, Inc.",2020-02-13,2020,0001628171
SDOT,Sadot Group Inc.,2020-02-13,2020,0001701756
HUIZ,Huize Holding Limited,2020-02-12,2020,0001778982
NREF,"NexPoint Real Estate Finance, Inc.",2020-02-07,2020,0001786248
ONEW,OneWater Marine Inc.,2020-02-07,2020,0001772921
BEAM,Beam Therapeutics Inc.,2020-02-06,2020,0001745999
SDGR,"SchrÃ¶dinger, Inc.",2020-02-06,2020,0001490978
ARQT,"Arcutis Biotherapeutics, Inc.",2020-01-31,2020,0001787306
REYN,Reynolds Consumer Products Inc.,2020-01-31,2020,0001786431
BDTX,"Black Diamond Therapeutics, Inc.",2020-01-30,2020,0001701541
ANVS,"Annovis Bio, Inc.",2020-01-29,2020,0001477845
SOGP,Sound Group Inc.,2020-01-17,2020,0001783407
VEL,"Velocity Financial, Inc.",2020-01-17,2020,0001692376
NXGL,"NEXGEL, Inc.",2021-12-22,2021,0001468929
IMMX,"Immix Biopharma, Inc.",2021-12-16,2021,0001873835
SANG,Sangoma Technologies Corporation,2021-12-16,2021,0001753368
GNTA,Genenta Science S.p.A.,2021-12-15,2021,0001838716
IOT,Samsara Inc.,2021-12-15,2021,0001642896
NRSN,NeuroSense Therapeutics Ltd.,2021-12-09,2021,0001875091
NU,Nu Holdings Ltd.,2021-12-09,2021,0001691493
CING,Cingulate Inc.,2021-12-08,2021,0001862150
REFI,"Chicago Atlantic Real Estate Finance, Inc.",2021-12-08,2021,0001867949
FINW,FinWise Bancorp,2021-11-19,2021,0001856365
LITM,Snow Lake Resources Ltd.,2021-11-19,2021,0001769697
SG,"Sweetgreen, Inc.",2021-11-18,2021,0001477815
BRZE,"Braze, Inc.",2021-11-17,2021,0001676238
IREN,IREN Limited,2021-11-17,2021,0001878848
BTBD,"BT Brands, Inc.",2021-11-12,2021,0001718224
DERM,Journey Medical Corporation,2021-11-12,2021,0001867066
BEAT,"HeartBeam, Inc.",2021-11-11,2021,0001779372
BLZE,"Backblaze, Inc.",2021-11-11,2021,0001462056
LVLU,"Lulu's Fashion Lounge Holdings, Inc.",2021-11-11,2021,0001780201
PIK,Kidpik Corp.,2021-11-11,2021,
TIVC,"Tivic Health Systems, Inc.",2021-11-11,2021,0001787740
VAXX,"Vaxxinity, Inc.",2021-11-11,2021,
WEAV,"Weave Communications, Inc.",2021-11-11,2021,0001609151
BJDX,"Bluejay Diagnostics, Inc.",2021-11-10,2021,0001704287
CBRG,Chain Bridge I,2021-11-10,2021,
CINT,CI&T Inc.,2021-11-10,2021,0001868995
EXFY,"Expensify, Inc.",2021-11-10,2021,0001476840
RIVN,"Rivian Automotive, Inc.",2021-11-10,2021,0001874178
SOPA,Society Pass Incorporated,2021-11-09,2021,0001817511
SWAG,"Stran & Company, Inc.",2021-11-09,2021,0001872525
TCBX,"Third Coast Bancshares, Inc.",2021-11-09,2021,0001781730
IOBT,"IO Biotech, Inc.",2021-11-05,2021,0001865494
RGF,Rio Grande Forestal (RIVERFOREST) S.A.,2021-11-05,2021,
ARHS,"Arhaus, Inc.",2021-11-04,2021,0001875444
CDRE,"Cadre Holdings, Inc.",2021-11-04,2021,0001860543
EVO,Evotec SE,2021-11-04,2021,0001412558
LION,Lionheart III Corp.,2021-11-04,2021,0002052959
MDXH,MDxHealth SA,2021-11-04,2021,0001872529
NRDS,"NerdWallet, Inc.",2021-11-04,2021,0001625278
BIRD,"Allbirds, Inc.",2021-11-03,2021,0001653909
CMTG,"Claros Mortgage Trust, Inc.",2021-11-03,2021,0001666291
LIANY,LianBio,2021-11-01,2021,0001831283
AIRS,"AirSculpt Technologies, Inc.",2021-10-29,2021,0001870940
AURA,"Aura Biosciences, Inc.",2021-10-29,2021,0001501796
BFRI,Biofrontera Inc.,2021-10-29,2021,0001858685
SONX,"Sonendo, Inc.",2021-10-29,2021,0001407973
TRDA,"Entrada Therapeutics, Inc.",2021-10-29,2021,0001689375
UDMY,"Udemy, Inc.",2021-10-29,2021,0001607939
FLNC,"Fluence Energy, Inc.",2021-10-28,2021,0001868941
GFS,GLOBALFOUNDRIES Inc.,2021-10-28,2021,0001709048
AIP,"Arteris, Inc.",2021-10-27,2021,0001667011
MRAI,"Marpai, Inc.",2021-10-27,2021,0001844392
RENT,"Rent the Runway, Inc.",2021-10-27,2021,0001468327
ARIS,"Aris Water Solutions, Inc.",2021-10-22,2021,0001964504
UTRS,"Minerva Surgical, Inc.",2021-10-22,2021,
XLO,"Xilio Therapeutics, Inc.",2021-10-22,2021,0001840233
COCO,"The Vita Coco Company, Inc.",2021-10-21,2021,0001482981
NHIC,NewHold Investment Corp. II,2021-10-21,2021,0002043699
PTLO,Portillo's Inc.,2021-10-21,2021,0001871509
RWAY,Runway Growth Finance Corp.,2021-10-21,2021,0001653384
VTYX,"Ventyx Biosciences, Inc.",2021-10-21,2021,0001851194
CNTX,Context Therapeutics Inc.,2021-10-20,2021,0001842952
CYN,Cyngn Inc.,2021-10-20,2021,0001874097
INKT,"MiNK Therapeutics, Inc.",2021-10-15,2021,0001840229
GTLB,GitLab Inc.,2021-10-14,2021,0001653482
IHS,IHS Holding Limited,2021-10-14,2021,0001876183
LUCD,Lucid Diagnostics Inc.,2021-10-14,2021,0001799011
HCTI,"Healthcare Triangle, Inc.",2021-10-13,2021,0001839285
CGTX,"Cognition Therapeutics, Inc.",2021-10-08,2021,0001455365
LTH,"Life Time Group Holdings, Inc.",2021-10-07,2021,0001869198
NVEI,Nuvei Corporation,2021-10-06,2021,
FWRG,"First Watch Restaurant Group, Inc.",2021-10-01,2021,0001789940
PYXS,"Pyxis Oncology, Inc.",2021-10-01,2021,0001782223
OLPX,"Olaplex Holdings, Inc.",2021-09-30,2021,0001868726
WRBY,Warby Parker Inc.,2021-09-29,2021,0001504776
AMPL,"Amplitude, Inc.",2021-09-28,2021,0001866692
CWAN,"Clearwater Analytics Holdings, Inc.",2021-09-24,2021,0001866368
ARBK,Argo Blockchain plc,2021-09-23,2021,0001841675
BRLT,"Brilliant Earth Group, Inc.",2021-09-23,2021,0001866757
RELY,"Remitly Global, Inc.",2021-09-23,2021,0001782170
STER,Sterling Check Corp.,2021-09-23,2021,
AKA,a.k.a. Brands Holding Corp.,2021-09-22,2021,0001865107
FRSH,Freshworks Inc.,2021-09-22,2021,0001544522
TOST,"Toast, Inc.",2021-09-22,2021,0001650164
VBNK,VersaBank,2021-09-22,2021,0001690639
ACT,"Enact Holdings, Inc.",2021-09-16,2021,0001823529
BROS,Dutch Bros Inc.,2021-09-15,2021,0001866581
DH,Definitive Healthcare Corp.,2021-09-15,2021,0001861795
KTTA,Pasithea Therapeutics Corp.,2021-09-15,2021,0001841330
ONON,On Holding AG,2021-09-15,2021,0001858985
PRCT,PROCEPT BioRobotics Corporation,2021-09-15,2021,0001588978
TYRA,"Tyra Biosciences, Inc.",2021-09-15,2021,0001863127
SRAD,Sportradar Group AG,2021-09-14,2021,0001836470
GIPR,"Generation Income Properties, Inc.",2021-09-02,2021,0001651721
DDI,"DoubleDown Interactive Co., Ltd.",2021-08-31,2021,0001799567
RNXT,"RenovoRx, Inc.",2021-08-26,2021,0001574094
SWSS,Springwater Special Situations Corp.,2021-08-26,2021,
DRMA,"Dermata Therapeutics, Inc.",2021-08-13,2021,0001853816
IVVD,"Invivyd, Inc.",2021-08-06,2021,0001832038
EWCZ,"European Wax Center, Inc.",2021-08-05,2021,0001856236
DOLE,Dole plc,2021-07-30,2021,0001857475
IMRX,Immuneering Corporation,2021-07-30,2021,0001790340
INAB,"IN8bio, Inc.",2021-07-30,2021,0001740279
MXCT,"MaxCyte, Inc.",2021-07-30,2021,0001287098
OMGA,"Omega Therapeutics, Inc.",2021-07-30,2021,
RANI,"Rani Therapeutics Holdings, Inc.",2021-07-30,2021,0001856725
RXST,"RxSight, Inc.",2021-07-30,2021,0001111485
TNYA,"Tenaya Therapeutics, Inc.",2021-07-30,2021,0001858848
COOK,"Traeger, Inc.",2021-07-29,2021,0001857853
HOOD,"Robinhood Markets, Inc.",2021-07-29,2021,0001783879
NUVL,"Nuvalent, Inc.",2021-07-29,2021,0001861560
RLYB,Rallybio Corporation,2021-07-29,2021,0001739410
RSKD,Riskified Ltd.,2021-07-29,2021,0001851112
DUOL,"Duolingo, Inc.",2021-07-28,2021,0001562088
CADL,"Candel Therapeutics, Inc.",2021-07-27,2021,0001841387
CNM,"Core & Main, Inc.",2021-07-23,2021,0001856525
CRBU,"Caribou Biosciences, Inc.",2021-07-23,2021,0001619856
CTKB,"Cytek Biosciences, Inc.",2021-07-23,2021,0001831915
GAMB,Gambling.com Group Limited,2021-07-23,2021,0001839799
SOPH,SOPHiA GENETICS SA,2021-07-23,2021,0001840706
USCB,"USCB Financial Holdings, Inc.",2021-07-23,2021,0001901637
XPOF,"Xponential Fitness, Inc.",2021-07-23,2021,0001802156
ABSI,Absci Corporation,2021-07-22,2021,0001672688
RYAN,"Ryan Specialty Holdings, Inc.",2021-07-22,2021,0001849253
ZENV,Zenvia Inc.,2021-07-22,2021,0001836934
ZVIA,Zevia PBC,2021-07-22,2021,0001854139
KLTR,"Kaltura, Inc.",2021-07-21,2021,0001432133
LAW,"CS Disco, Inc.",2021-07-21,2021,0001625641
PYCR,"Paycor HCM, Inc.",2021-07-21,2021,
VEEE,Twin Vee Powercats Co.,2021-07-21,2021,0001855509
VTEX,VTEX,2021-07-21,2021,0001793663
HCWB,HCW Biologics Inc.,2021-07-20,2021,0001828673
BLND,"Blend Labs, Inc.",2021-07-16,2021,0001855747
ERAS,"Erasca, Inc.",2021-07-16,2021,0001761918
RGC,Regencell Bioscience Holdings Limited,2021-07-16,2021,0001829667
STVN,Stevanato Group S.p.A.,2021-07-16,2021,0001849853
TCRX,"TScan Therapeutics, Inc.",2021-07-16,2021,0001783328
FXLV,"F45 Training Holdings, Inc.",2021-07-15,2021,
PECO,"Phillips Edison & Company, Inc.",2021-07-15,2021,0001476204
RPID,"Rapid Micro Biosystems, Inc.",2021-07-15,2021,0001380106
SERA,"Sera Prognostics, Inc.",2021-07-15,2021,0001534969
SGHT,"Sight Sciences, Inc.",2021-07-15,2021,0001531177
IINN,Inspira Technologies Oxy B.H.N. Ltd.,2021-07-14,2021,0001837493
UNCY,"Unicycive Therapeutics, Inc.",2021-07-13,2021,0001766140
RNAZ,"TransCode Therapeutics, Inc.",2021-07-09,2021,0001829635
SNTG,Sentage Holdings Inc.,2021-07-09,2021,0001810467
MITQ,"Moving iMage Technologies, Inc.",2021-07-08,2021,0001770236
NYXH,Nyxoah SA,2021-07-02,2021,0001857190
ABOS,"Acumen Pharmaceuticals, Inc.",2021-07-01,2021,0001576885
CURV,Torrid Holdings Inc.,2021-07-01,2021,0001792781
DNUT,"Krispy Kreme, Inc.",2021-07-01,2021,0001857154
EVCM,EverCommerce Inc.,2021-07-01,2021,0001853145
HEPS,D-Market Elektronik Hizmetler ve Ticaret A.S.,2021-07-01,2021,0001850235
WAVE,Eco Wave Power Global AB (publ),2021-07-01,2021,0001846715
CPOP,"Pop Culture Group Co., Ltd",2021-06-30,2021,0001807389
CVRX,"CVRx, Inc.",2021-06-30,2021,0001235912
DIDIY,DiDi Global Inc.,2021-06-30,2021,0001764757
INTA,"Intapp, Inc.",2021-06-30,2021,0001565687
LZ,"LegalZoom.com, Inc.",2021-06-30,2021,0001286139
S,"SentinelOne, Inc.",2021-06-30,2021,0001583708
XMTR,"Xometry, Inc.",2021-06-30,2021,0001657573
YOU,"Clear Secure, Inc.",2021-06-30,2021,0001856314
DDL,Dingdong (Cayman) Limited,2021-06-29,2021,0001854545
ACXP,"Acurx Pharmaceuticals, Inc.",2021-06-25,2021,0001736243
GHRS,GH Research PLC,2021-06-25,2021,0001855129
GMVDF,G Medical Innovations Holdings Ltd.,2021-06-25,2021,
LENZ,"LENZ Therapeutics, Inc.",2021-06-25,2021,0001815776
MCW,"Mister Car Wash, Inc.",2021-06-25,2021,0001853513
TKNO,"Alpha Teknova, Inc.",2021-06-25,2021,0001850902
BON,Bon Natural Life Limited,2021-06-24,2021,0001816815
CFLT,"Confluent, Inc.",2021-06-24,2021,0001699838
DOCS,"Doximity, Inc.",2021-06-24,2021,0001516513
GLUE,"Monte Rosa Therapeutics, Inc.",2021-06-24,2021,0001826457
UPXI,"Upexi, Inc.",2021-06-24,2021,0001775194
CXM,"Sprinklr, Inc.",2021-06-23,2021,0001569345
FA,First Advantage Corporation,2021-06-23,2021,0001210677
YMM,Full Truck Alliance Co. Ltd.,2021-06-22,2021,0001838413
ATAI,AtaiBeckley Inc.,2021-06-18,2021,0001840904
FEMY,Femasys Inc.,2021-06-18,2021,0001339005
IPSC,"Century Therapeutics, Inc.",2021-06-18,2021,0001850119
NEXN,Nexxen International Ltd.,2021-06-18,2021,0001849396
RERE,ATRenew Inc.,2021-06-18,2021,0001838957
TBIO,Telesis Bio Inc.,2021-06-18,2021,
AOMR,"Angel Oak Mortgage REIT, Inc.",2021-06-17,2021,0001766478
ISPC,iSpecimen Inc.,2021-06-17,2021,0001558569
LYEL,"Lyell Immunopharma, Inc.",2021-06-17,2021,0001806952
MOLN,Molecular Partners AG,2021-06-16,2021,0001745114
ALZN,"Alzamend Neuro, Inc.",2021-06-15,2021,0001677077
BZ,Kanzhun Limited,2021-06-11,2021,0001842827
JANX,"Janux Therapeutics, Inc.",2021-06-11,2021,0001817713
TASK,"TaskUs, Inc.",2021-06-11,2021,0001829864
DIBS,"1stdibs.Com, Inc.",2021-06-10,2021,0001600641
LFST,"LifeStance Health Group, Inc.",2021-06-10,2021,0001845257
MNDY,monday.com Ltd.,2021-06-10,2021,0001845338
ZETA,Zeta Global Holdings Corp.,2021-06-10,2021,0001851003
MQ,"Marqeta, Inc.",2021-06-09,2021,0001522540
DLO,DLocal Limited,2021-06-03,2021,0001846832
CNTA,Centessa Pharmaceuticals plc,2021-05-28,2021,0001847903
DAWN,"Day One Biopharmaceuticals, Inc.",2021-05-27,2021,0001845337
FIGS,"FIGS, Inc.",2021-05-27,2021,0001846576
FLYW,Flywire Corporation,2021-05-26,2021,0001580560
PAY,"Paymentus Holdings, Inc.",2021-05-26,2021,0001841156
ZIP,"ZipRecruiter, Inc.",2021-05-26,2021,0001617553
OTLY,Oatly Group AB,2021-05-20,2021,0001843586
PCOR,"Procore Technologies, Inc.",2021-05-20,2021,0001611052
GIW,"GigInternational1, Inc.",2021-05-19,2021,0002080019
JZXN,"Jiuzi Holdings, Inc.",2021-05-18,2021,0001816172
DBGI,"Digital Brands Group, Inc.",2021-05-14,2021,0001668010
EJH,E-Home Household Service Holdings Limited,2021-05-14,2021,0001769768
VERA,"Vera Therapeutics, Inc.",2021-05-14,2021,0001831828
GLBE,Global-E Online Ltd.,2021-05-12,2021,0001835963
IPW,iPower Inc.,2021-05-12,2021,0001830072
SMWB,Similarweb Ltd.,2021-05-12,2021,0001842731
ANEB,"Anebulo Pharmaceuticals, Inc.",2021-05-07,2021,0001815974
BWMN,Bowman Consulting Group Ltd.,2021-05-07,2021,0001847590
WDH,Waterdrop Inc.,2021-05-07,2021,0001823986
VALN,Valneva SE,2021-05-06,2021,0001836564
FSBC,Five Star Bancorp,2021-05-05,2021,0001275168
HNST,"The Honest Company, Inc.",2021-05-05,2021,0001530979
ALF,"ALFI, Inc.",2021-05-04,2021,0002010930
BRNS,Barinthus Biotherapeutics plc,2021-04-30,2021,0001828185
HOWL,"Werewolf Therapeutics, Inc.",2021-04-30,2021,0001785530
AVAH,Aveanna Healthcare Holdings Inc.,2021-04-29,2021,0001832332
PRVA,"Privia Health Group, Inc.",2021-04-29,2021,0001759655
FTCI,"FTC Solar, Inc.",2021-04-28,2021,0001828161
RAIN,"Rain Therapeutics, Inc.",2021-04-23,2021,0002028293
SWIM,"Latham Group, Inc.",2021-04-23,2021,0001833197
TMCI,"Treace Medical Concepts, Inc.",2021-04-23,2021,0001630627
NPCE,"NeuroPace, Inc.",2021-04-22,2021,0001528287
DV,"DoubleVerify Holdings, Inc.",2021-04-21,2021,0001819928
PATH,"UiPath, Inc.",2021-04-21,2021,0001734722
SKYT,"SkyWater Technology, Inc.",2021-04-21,2021,0001819974
IFBD,"Infobird Co., Ltd",2021-04-20,2021,0001815566
BMEA,"Biomea Fusion, Inc.",2021-04-16,2021,0001840439
RXRX,"Recursion Pharmaceuticals, Inc.",2021-04-16,2021,0001601830
AGL,"agilon health, inc.",2021-04-15,2021,0001831097
APP,AppLovin Corporation,2021-04-15,2021,0001751008
EBET,"EBET, INC.",2021-04-15,2021,
KRT,Karat Packaging Inc.,2021-04-15,2021,0001758021
TSPH,"TuSimple Holdings, Inc.",2021-04-15,2021,0001823593
ALKT,"Alkami Technology, Inc.",2021-04-14,2021,0001529274
COIN,"Coinbase Global, Inc.",2021-04-14,2021,0001679788
WTO,UTime Limited,2021-04-06,2021,0001789299
COMP,"Compass, Inc.",2021-04-01,2021,0001563190
EM,Smart Share Global Limited,2021-04-01,2021,0001834253
KARO,Karooooo Ltd.,2021-04-01,2021,0001828102
ULCC,"Frontier Group Holdings, Inc.",2021-04-01,2021,0001670076
COUR,"Coursera, Inc.",2021-03-31,2021,0001651562
ALHC,"Alignment Healthcare, Inc.",2021-03-26,2021,0001832466
DSGN,"Design Therapeutics, Inc.",2021-03-26,2021,0001807120
EWTX,"Edgewise Therapeutics, Inc.",2021-03-26,2021,0001710072
TDUP,ThredUp Inc.,2021-03-26,2021,0001484778
ZH,Zhihu Inc.,2021-03-26,2021,0001835724
CRCT,"Cricut, Inc.",2021-03-25,2021,0001828962
EEIQ,EpicQuest Education Group International Limited,2021-03-25,2021,0001781397
SEMR,"Semrush Holdings, Inc.",2021-03-25,2021,0001831840
ACVA,ACV Auctions Inc.,2021-03-24,2021,0001637873
DOCN,"DigitalOcean Holdings, Inc.",2021-03-24,2021,0001582961
MOVE,Movano Inc.,2021-03-23,2021,0001734750
UPC,Universe Pharmaceuticals INC,2021-03-23,2021,0001809616
AFCG,Advanced Flower Capital Inc.,2021-03-19,2021,0001822523
CNTB,Connect Biopharma Holdings Limited,2021-03-19,2021,0001835268
FNCH,"Finch Therapeutics Group, Inc.",2021-03-19,2021,0001733257
TIL,"Instil Bio, Inc.",2021-03-19,2021,0001789769
GANX,"Gain Therapeutics, Inc.",2021-03-18,2021,0001819411
TUYA,Tuya Inc.,2021-03-18,2021,0001829118
JWEL,Jowell Global Ltd.,2021-03-17,2021,0001805594
SNCY,"Sun Country Airlines Holdings, Inc.",2021-03-17,2021,0001743907
WALD,Waldencast plc,2021-03-16,2021,0001840199
HAYW,"Hayward Holdings, Inc.",2021-03-12,2021,0001834622
STKH,Steakholder Foods Ltd.,2021-03-12,2021,0001828098
CPNG,"Coupang, Inc.",2021-03-11,2021,0001834584
RBLX,Roblox Corporation,2021-03-10,2021,0001315098
GROY,Gold Royalty Corp.,2021-03-09,2021,0001834026
INNV,InnovAge Holding Corp.,2021-03-04,2021,0001834376
OSCR,"Oscar Health, Inc.",2021-03-03,2021,0001568651
TWLV,Twelve Seas Investment Company II,2021-02-26,2021,0002052243
GLBL,Cartesian Growth Corporation,2021-02-24,2021,
CMII,"CM Life Sciences II, Inc.",2021-02-23,2021,0002088805
SLAM,Slam Corp.,2021-02-23,2021,
AUUD,Auddia Inc.,2021-02-17,2021,0001554818
VRPX,"Virpax Pharmaceuticals, Inc.",2021-02-17,2021,
LGVN,Longeveron Inc.,2021-02-12,2021,0001721484
NEXI,"NexImmune, Inc.",2021-02-12,2021,
TLIS,Talis Biomedical Corporation,2021-02-12,2021,
BMBL,Bumble Inc.,2021-02-11,2021,0001830043
BVS,Bioventus Inc.,2021-02-11,2021,0001665988
LDI,"loanDepot, Inc.",2021-02-11,2021,0001831631
DSP,Viant Technology Inc.,2021-02-10,2021,0001828791
ADAG,Adagene Inc.,2021-02-09,2021,0001818838
EPOW,E-Power Inc.,2021-02-09,2021,0001780731
GIG,"GigCapital4, Inc.",2021-02-09,2021,0002023730
RAASY,Cloopen Group Holding Limited,2021-02-09,2021,0001804583
BAOS,Baosheng Media Group Holdings Limited,2021-02-08,2021,0001811216
BOLT,"Bolt Biotherapeutics, Inc.",2021-02-05,2021,0001641281
CNEY,CN Energy Group. Inc.,2021-02-05,2021,0001780785
EVAX,Evaxion A/S,2021-02-05,2021,0001828253
IMCR,Immunocore Holdings plc,2021-02-05,2021,0001671927
PHVS,Pharvaris N.V.,2021-02-05,2021,0001830487
TERN,"Terns Pharmaceuticals, Inc.",2021-02-05,2021,0001831363
VOR,Vor Biopharma Inc.,2021-02-05,2021,0001817229
ACII,Atlas Crest Investment Corp. II,2021-02-04,2021,
NXU,Novus Capital Corporation II,2021-02-04,2021,
SANA,"Sana Biotechnology, Inc.",2021-02-04,2021,0001770121
SNSE,"Sensei Biotherapeutics, Inc.",2021-02-04,2021,0001829802
ONTF,"ON24, Inc.",2021-02-03,2021,0001110611
TRIN,Trinity Capital Inc.,2021-01-29,2021,0001786108
VINP,Vinci Compass Investments Ltd.,2021-01-28,2021,0001826286
ZIM,ZIM Integrated Shipping Services Ltd.,2021-01-28,2021,0001654126
SHLS,"Shoals Technologies Group, Inc.",2021-01-27,2021,0001831651
TIRX,Tian Ruixiang Holdings Ltd.,2021-01-27,2021,0001782941
EZGO,EZGO Technologies Ltd.,2021-01-26,2021,0001806904
HUDI,"Huadi International Group Co., Ltd.",2021-01-22,2021,0001791725
MNTK,"Montauk Renewables, Inc.",2021-01-22,2021,0001826600
PAX,Patria Investments Limited,2021-01-22,2021,0001825570
RLX,RLX Technology Inc.,2021-01-22,2021,0001828365
DFH,"Dream Finders Homes, Inc.",2021-01-21,2021,0001825088
DRVN,Driven Brands Holdings Inc.,2021-01-15,2021,0001804745
PLTK,Playtika Holding Corp.,2021-01-15,2021,0001828016
WOOF,"Petco Health and Wellness Company, Inc.",2021-01-14,2021,0001826470
AFRM,"Affirm Holdings, Inc.",2021-01-13,2021,0001820953
MSGM,Motorsport Games Inc.,2021-01-13,2021,0001821175
CGEM,"Cullinan Therapeutics, Inc.",2021-01-08,2021,0001789972
POW,Powered Brands,2021-01-08,2021,
COYA,"Coya Therapeutics, Inc.",2022-12-29,2022,0001835022
LIPO,Lipella Pharmaceuticals Inc.,2022-12-20,2022,0001347242
RAYA,Erayak Power Solution Group Inc.,2022-12-14,2022,0001825875
JEWL,Adamas One Corp.,2022-12-09,2022,
ACRV,"Acrivon Therapeutics, Inc.",2022-11-15,2022,0001781174
ATAT,Atour Lifestyle Holdings Limited,2022-11-11,2022,0001853717
ASPI,ASP Isotopes Inc.,2022-11-10,2022,0001921865
SNAL,"Snail, Inc.",2022-11-10,2022,0001886894
MBLY,Mobileye Global Inc.,2022-10-26,2022,0001910139
PRME,"Prime Medicine, Inc.",2022-10-20,2022,0001894562
DMYY,"dMY Squared Technology Group, Inc.",2022-09-30,2022,0001915380
LASE,Laser Photonics Corporation,2022-09-30,2022,0001807887
NXU,"Nxu, Inc.",2022-09-27,2022,
NXL,"Nexalin Technology, Inc.",2022-09-16,2022,0001527352
CRBG,"Corebridge Financial, Inc.",2022-09-15,2022,0001889539
WLDS,Wearable Devices Ltd.,2022-09-13,2022,0001887673
BIAF,"bioAffinity Technologies, Inc.",2022-09-01,2022,0001712762
SHPH,"Shuttle Pharmaceuticals Holdings, Inc.",2022-08-31,2022,0001757499
HPCO,"Hempacco Co., Inc.",2022-08-30,2022,
JFBR,Jeffs' Brands Ltd,2022-08-26,2022,0001885408
JZ,Jianzhi Education Technology Group Company Limited,2022-08-26,2022,0001852440
ONFO,"Onfolio Holdings, Inc.",2022-08-26,2022,0001825452
PXMD,"PaxMedica, Inc.",2022-08-26,2022,
MOB,Mobilicom Limited,2022-08-25,2022,0001898643
GCT,GigaCloud Technology Inc.,2022-08-18,2022,0001857816
LUCY,"Lucyd, Inc",2022-08-15,2022,0001808377
REBN,"Reborn Coffee, Inc.",2022-08-12,2022,0001707910
TGL,Treasure Global Inc.,2022-08-11,2022,0001905956
MEGL,Magic Empire Global Limited,2022-08-05,2022,0001881472
MGAM,Mobile Global Esports Inc.,2022-07-29,2022,0001886362
MAIA,"MAIA Biotechnology, Inc.",2022-07-28,2022,0001878313
VRAX,Virax Biolabs Group Limited,2022-07-21,2022,0001885827
HKD,AMTD Digital Inc.,2022-07-15,2022,0001809691
ILAG,Intelligent Living Application Group Inc.,2022-07-13,2022,0001814963
IE,Ivanhoe Electric Inc.,2022-06-28,2022,0001879016
GSUN,Golden Sun Technology Group Limited,2022-06-22,2022,0001826376
HSCS,HeartSciences Inc.,2022-06-15,2022,0001468492
LYT,Lytus Technologies Holdings PTV. LTD.,2022-06-15,2022,
PEV,Phoenix Motor Inc.,2022-06-08,2022,
SVRE,SaverOne 2014 Ltd.,2022-06-03,2022,0001894693
TOP,TOP Financial Group Limited,2022-06-01,2022,0001848275
BNRG,Brenmiller Energy Ltd,2022-05-24,2022,0001901215
BGXX,Bright Green Corporation,2022-05-17,2022,
GV,Visionary Holdings Inc.,2022-05-17,2022,0001892274
OKYO,OKYO Pharma Limited,2022-05-17,2022,0001849296
ACDC,ProFrac Holding Corp.,2022-05-13,2022,0001881487
ASNS,"Actelis Networks, Inc.",2022-05-13,2022,0001141284
HNVR,"Hanover Bancorp, Inc.",2022-05-11,2022,0001828588
BLCO,Bausch + Lomb Corporation,2022-05-06,2022,0001860742
PEPG,PepGen Inc.,2022-05-06,2022,0001835597
RENE,Cartesian Growth Corporation II,2022-05-06,2022,
EDBL,Edible Garden AG Incorporated,2022-05-05,2022,0001809750
AUST,Austin Gold Corp.,2022-05-04,2022,0001817740
BLTE,"Belite Bio, Inc",2022-04-29,2022,0001889109
CLRC,ClimateRock,2022-04-28,2022,
OST,"Ostin Technology Group Co., Ltd.",2022-04-27,2022,0001803407
TNON,"Tenon Medical, Inc.",2022-04-27,2022,0001560293
AIMAU,Aimfinity Investment Corp. I,2022-04-26,2022,
ACON,"Aclarion, Inc.",2022-04-22,2022,0001635077
JCSE,JE Cleantech Holdings Limited,2022-04-22,2022,0001905511
STSS,"Sharps Technology, Inc.",2022-04-14,2022,0001737995
EE,"Excelerate Energy, Inc.",2022-04-13,2022,0001888447
GNS,Genius Group Limited,2022-04-12,2022,0001847806
XPON,Expion360 Inc.,2022-04-01,2022,0001894954
RVSN,Rail Vision Ltd.,2022-03-31,2022,0001743905
ANTX,"AN2 Therapeutics, Inc.",2022-03-25,2022,0001880438
LCFY,Locafy Limited,2022-03-25,2022,0001875547
AKAN,Akanda Corp.,2022-03-15,2022,0001888014
VMCA,Valuence Merger Corp. I,2022-03-01,2022,
FGMC,FG Merger Corp.,2022-02-25,2022,0001906364
ONCO,"Onconetix, Inc.",2022-02-18,2022,0001782107
SMFL,"Smart for Life, Inc.",2022-02-16,2022,
DRCT,"Direct Digital Holdings, Inc.",2022-02-11,2022,0001880613
MDV,"Modiv Industrial, Inc.",2022-02-11,2022,0001645873
TCBP,TC BioPharm (Holdings) plc,2022-02-11,2022,
HTCR,"HeartCore Enterprises, Inc.",2022-02-10,2022,0001892322
SKYX,SKYX Platforms Corp.,2022-02-10,2022,0001598981
EVGR,Evergreen Corporation,2022-02-09,2022,
ACLX,"Arcellx, Inc.",2022-02-04,2022,0001786205
NVCT,"Nuvectis Pharma, Inc.",2022-02-04,2022,0001875558
MTEK,Maris-Tech Ltd.,2022-02-02,2022,0001872964
CRDO,Credo Technology Group Holding Ltd,2022-01-27,2022,0001807794
KSCP,"Knightscope, Inc.",2022-01-27,2022,0001600983
FGI,FGI Industries Ltd.,2022-01-25,2022,0001864943
TKLF,"Tokyo Lifestyle Co., Ltd.",2022-01-18,2022,0001836242
PPYA,Papaya Growth Opportunity Corp. I,2022-01-14,2022,
TPG,TPG Inc.,2022-01-13,2022,0001880661
AMLX,"Amylyx Pharmaceuticals, Inc.",2022-01-07,2022,0001658551
HOUR,"Hour Loop, Inc.",2022-01-07,2022,0001874875
LGCB,Linkage Global Inc,2023-12-19,2023,0001969401
ZKH,ZKH Group Limited,2023-12-15,2023,0001862044
INHD,Inno Holdings Inc.,2023-12-14,2023,0001961847
AFJK,"Aimei Health Technology Co., Ltd",2023-12-04,2023,0001979005
GSIW,Garden Stage Limited,2023-12-01,2023,0001954269
FEBO,Fenbo Holdings Limited,2023-11-30,2023,0001957001
ELAB,PMGC Holdings Inc.,2023-11-21,2023,0001840563
DDC,DDC Enterprise Limited,2023-11-17,2023,0001808110
RR,Richtech Robotics Inc.,2023-11-17,2023,0001963685
SGN,"Signing Day Sports, Inc.",2023-11-14,2023,0001898474
SHIM,Shimmick Corporation,2023-11-14,2023,0001887944
HG,"Hamilton Insurance Group, Ltd.",2023-11-10,2023,0001593275
GVH,Globavend Holdings Limited,2023-11-08,2023,0001978527
LXEO,"Lexeo Therapeutics, Inc.",2023-11-03,2023,0001907108
PAPL,Pineapple Financial Inc.,2023-11-01,2023,0001938109
ATGL,Alpha Technology Group Limited,2023-10-31,2023,0001967621
MNR,Mach Natural Resources LP,2023-10-25,2023,0001980088
NCL,Northann Corp.,2023-10-19,2023,0001923780
WBUY,Webuy Global Ltd,2023-10-19,2023,0001946703
BIRK,Birkenstock Holding plc,2023-10-11,2023,0001977102
GMM,Global Mofy AI Limited,2023-10-10,2023,0001913749
LRHC,La Rosa Holdings Corp.,2023-10-10,2023,0001879403
PMEC,Primech Holdings Ltd.,2023-10-10,2023,0001891944
GPAK,Gamer Pakistan Inc.,2023-10-09,2023,
MSS,Maison Solutions Inc.,2023-10-05,2023,0001892292
ANL,Adlai Nortye Ltd.,2023-09-29,2023,0001944552
SYRA,Syra Health Corp.,2023-09-29,2023,0001922335
VSME,VS MEDIA Holdings Limited,2023-09-28,2023,0001951294
LRE,"Lead Real Estate Co., Ltd",2023-09-27,2023,0001888980
TURB,"Turbo Energy, S.A.",2023-09-22,2023,0001963439
MDBH,"MDB Capital Holdings, LLC",2023-09-21,2023,0001934642
KVYO,"Klaviyo, Inc.",2023-09-20,2023,0001835830
CART,Maplebear Inc.,2023-09-19,2023,0001579091
DTCK,Davis Commodities Limited,2023-09-19,2023,0001949478
NMRA,"Neumora Therapeutics, Inc.",2023-09-15,2023,0001885522
ARM,Arm Holdings plc,2023-09-14,2023,0001973239
SPPL,Simpple Ltd.,2023-09-13,2023,0001948697
NWGL,CL Workshop Group Limited,2023-09-12,2023,0001948294
IVP,"Inspire Veterinary Partners, Inc.",2023-08-30,2023,
NRXS,"NeurAxis, Inc.",2023-08-09,2023,0001933567
MIRA,"MIRA Pharmaceuticals, Inc.",2023-08-03,2023,0001904286
CTNT,Cheetah Net Supply Chain Service Inc.,2023-08-01,2023,0001951667
PRZO,ParaZero Technologies Ltd.,2023-07-27,2023,0001916241
SRFM,Surf Air Mobility Inc.,2023-07-27,2023,0001936224
ELWS,"Earlyworks Co., Ltd.",2023-07-25,2023,
ODD,Oddity Tech Ltd.,2023-07-19,2023,0001907085
APGE,"Apogee Therapeutics, Inc.",2023-07-14,2023,0001974640
SGMT,Sagimet Biosciences Inc.,2023-07-14,2023,0001400118
SXTP,"60 Degrees Pharmaceuticals, Inc.",2023-07-12,2023,0001946563
INTS,"Intensity Therapeutics, Inc.",2023-06-30,2023,0001567264
VTMX,"CorporaciÃ³n Inmobiliaria Vesta, S.A.B. de C.V.",2023-06-30,2023,0001969373
FIHL,Fidelis Insurance Holdings Limited,2023-06-29,2023,0001636639
KGS,"Kodiak Gas Services, Inc.",2023-06-29,2023,0001767042
SVV,"Savers Value Village, Inc.",2023-06-29,2023,0001883313
GENK,"GEN Restaurant Group, Inc.",2023-06-28,2023,0001891856
AZTR,"Azitra, Inc.",2023-06-16,2023,0001701478
BOF,BranchOut Food Inc.,2023-06-16,2023,0001962481
CAVA,"CAVA Group, Inc.",2023-06-15,2023,0001639438
ATMU,Atmus Filtration Technologies Inc.,2023-05-26,2023,0001921963
ATS,ATS Corporation,2023-05-25,2023,0001394832
CWD,CaliberCos Inc.,2023-05-17,2023,0001627282
KVUE,Kenvue Inc.,2023-05-04,2023,0001944048
TRNR,Interactive Strength Inc.,2023-04-28,2023,0001785056
JYD,Jayud Global Logistics Limited,2023-04-21,2023,0001938186
UCAR,U Power Limited,2023-04-20,2023,0001939780
USGO,U.S. GoldMining Inc.,2023-04-20,2023,0001947244
WLGS,"Wang & Lee Group, Inc.",2023-04-20,2023,
TPET,Trio Petroleum Corp.,2023-04-18,2023,0001898766
WAI,Top KingWin Ltd,2023-04-18,2023,0001938865
GDTC,CytoMed Therapeutics Limited,2023-04-14,2023,0001873093
VCIG,VCI Global Limited,2023-04-13,2023,0001930510
GDHG,Golden Heaven Group Holdings Ltd.,2023-04-12,2023,0001928340
ARBB,ARB IOT Group Limited,2023-04-05,2023,0001930179
ISPR,Ispire Technology Inc.,2023-04-04,2023,0001948455
MGIH,Millennium Group International Holdings Limited,2023-04-04,2023,0001903995
MWG,Multi Ways Holdings Limited,2023-04-03,2023,0001941500
HKIT,Hitek Global Inc.,2023-03-31,2023,0001742341
HSHP,Himalaya Shipping Ltd.,2023-03-31,2023,0001959455
SFWL,Shengfeng Development Limited,2023-03-31,2023,0001863218
CHSN,Chanson International Holding,2023-03-30,2023,0001825349
HLP,Hongli Group Inc.,2023-03-29,2023,0001855557
TBMC,"Trailblazer Holdings, Inc.",2023-03-29,2023,0001934945
YGFGF,"YanGuFang International Group Co., Ltd.",2023-03-28,2023,
ZJYL,Jin Medical International Ltd.,2023-03-28,2023,0001837821
BANL,CBL International Limited,2023-03-23,2023,0001914805
MGRX,"Mangoceuticals, Inc.",2023-03-21,2023,0001938046
OMH,Ohmyhome Limited,2023-03-21,2023,0001944902
ICG,Intchains Group Limited,2023-03-16,2023,0001895597
IZM,ICZOOM Group Inc.,2023-03-15,2023,0001854572
AESI,Atlas Energy Solutions Inc.,2023-03-09,2023,0001984060
AIXI,Xiao-I Corporation,2023-03-09,2023,0001935172
BMR,Beamr Imaging Ltd.,2023-02-28,2023,0001899005
GXAI,Gaxos.ai Inc.,2023-02-15,2023,0001895618
BFRG,"Bullfrog AI Holdings, Inc.",2023-02-14,2023,0001829247
ENLT,Enlight Renewable Energy Ltd,2023-02-10,2023,0001922641
MLYS,"Mineralys Therapeutics, Inc.",2023-02-10,2023,0001933414
HSAI,Hesai Group,2023-02-09,2023,0001861737
LSDIF,Lucy Scientific Discovery Inc.,2023-02-09,2023,
NXT,Nextpower Inc.,2023-02-09,2023,0001852131
LICN,Lichen International Limited,2023-02-06,2023,0001876766
ASST,"Strive Asset Management, LLC",2023-02-03,2023,0001920406
GPCR,Structure Therapeutics Inc.,2023-02-03,2023,0001888886
TXO,"TXO Partners, L.P.",2023-01-27,2023,0001559432
GNLX,Genelux Corporation,2023-01-26,2023,0001231457
CVKD,"Cadrenal Therapeutics, Inc.",2023-01-20,2023,0001937993
SKWD,"Skyward Specialty Insurance Group, Inc.",2023-01-13,2023,0001519449
ONEG,OneConstruction Group Limited,2024-12-31,2024,0002030834
HIT,"Health In Tech, Inc.",2024-12-23,2024,0002019505
YAAS,Youxin Technology Ltd,2024-12-20,2024,0001964946
LSE,"Leishen Energy Holding Co., Ltd.",2024-12-19,2024,0001985139
NCEW,New Century Logistics (BVI) Limited,2024-12-18,2024,0001968043
YSXT,"YSX Tech. Co., Ltd",2024-12-18,2024,0001993463
AVR,Anteris Technologies Global Corp.,2024-12-13,2024,0002011514
NTCL,NetClass Technology Inc,2024-12-13,2024,0001927578
TTAN,"ServiceTitan, Inc.",2024-12-12,2024,0001638826
NAMI,Jinxin Technology Holding Company,2024-12-06,2024,0001967631
LNKS,Linkers Industries Limited,2024-12-05,2024,0001972074
JUNS,"Jupiter Neurosciences, Inc.",2024-12-03,2024,0001679628
BRIA,BrilliA Inc,2024-11-27,2024,0002000230
GRO,Brazil Potash Corp.,2024-11-27,2024,0001472326
PONY,Pony AI Inc.,2024-11-27,2024,0001969302
VENU,Venu Holding Corporation,2024-11-27,2024,0001770501
CGTL,Creative Global Technology Holdings Limited,2024-11-26,2024,0001967822
WYHG,Wing Yip Food Holdings Group Limited,2024-11-26,2024,0001999860
IPST,"IP Strategy Holdings, Inc.",2024-11-22,2024,0001788230
MSW,Ming Shing Group Holdings Limited,2024-11-22,2024,0001956166
ETHM,Dynamix Corporation,2024-11-21,2024,0002028699
NOEM,CO2 Energy Transition Corp.,2024-11-21,2024,0001956648
GELS,Gelteq Limited,2024-10-29,2024,0001920092
PLRZ,Polyrizon Ltd.,2024-10-29,2024,0001893645
SEPN,"Septerna, Inc.",2024-10-25,2024,0001984086
WRD,WeRide Inc.,2024-10-25,2024,0001867729
INGM,Ingram Micro Holding Corporation,2024-10-24,2024,0001897762
FGL,Founder Group Limited,2024-10-23,2024,0001989930
LBGJ,Li Bang International Corporation Inc.,2024-10-23,2024,0001896425
ROLR,"High Roller Technologies, Inc.",2024-10-23,2024,0001947210
ALDF,Aldel Financial II Inc.,2024-10-22,2024,0002031561
HUHU,HUHUTECH International Group Inc.,2024-10-22,2024,0001945415
ORIS,Oriental Rise Holdings Limited,2024-10-17,2024,0001964664
SPHL,Springview Holdings Ltd,2024-10-17,2024,0002002236
PTLE,PTL Limited,2024-10-16,2024,0002016337
SFHG,Samfine Creation Holdings Group Limited,2024-10-15,2024,0001926792
CAMP,Camp4 Therapeutics Corporation,2024-10-11,2024,0001736730
CBLL,"CeriBell, Inc.",2024-10-11,2024,0001861107
UPB,"Upstream Bio, Inc.",2024-10-11,2024,0002022626
CLIK,Click Holdings Limited,2024-10-09,2024,0002020027
KLC,"KinderCare Learning Companies, Inc.",2024-10-09,2024,0001873529
SKK,SKK Holdings Limited,2024-10-08,2024,0001991261
CBNA,"Chain Bridge Bancorp, Inc.",2024-10-04,2024,0001392272
FLX,BingEx Limited,2024-10-04,2024,0001858724
FVR,"FrontView REIT, Inc.",2024-10-02,2024,0001988494
SARO,"StandardAero, Inc.",2024-10-02,2024,0002025410
WCT,Wellchange Holdings Company Limited,2024-10-02,2024,0001990251
HTLM,HomesToLife Ltd.,2024-10-01,2024,0002023153
ZJK,"ZJK Industrial Co., Ltd.",2024-09-30,2024,0001941506
BIOA,"BioAge Labs, Inc.",2024-09-26,2024,0001709941
BKV,BKV Corporation,2024-09-26,2024,0001838406
GRDN,"Guardian Pharmacy Services, Inc.",2024-09-26,2024,0001802255
IBG,Innovation Beverage Group Limited,2024-09-26,2024,0001924482
LGCY,Legacy Education Inc.,2024-09-26,2024,0001836754
PC,Premium Catering (Holdings) Limited,2024-09-25,2024,0001998056
GLE,Global Engine Group Holding Limited,2024-09-20,2024,0001908705
IBO,Impact BioMedical Inc.,2024-09-16,2024,0001834105
KAPA,"Kairos Pharma, Ltd.",2024-09-16,2024,0001962011
BCAX,Bicara Therapeutics Inc.,2024-09-13,2024,0002023658
MBX,"MBX Biosciences, Inc.",2024-09-13,2024,0001776111
ZBIO,"Zenas BioPharma, Inc.",2024-09-13,2024,0001953926
GLXG,Galaxy Payroll Group Limited,2024-09-12,2024,0001905920
TDTH,Trident Digital Tech Holdings Ltd,2024-09-10,2024,0001983550
XCH,XCHG Limited,2024-09-10,2024,0001979887
VCIC,Vine Hill Capital Investment Corp.,2024-09-06,2024,0002025396
PMAX,Powell Max Limited,2024-09-05,2024,0002012096
GIG,GigCapital7 Corp.,2024-08-29,2024,0002023730
AZI,Autozi Internet Technology (Global) Ltd.,2024-08-28,2024,0001959726
SPAI,Safe Pro Group Inc.,2024-08-28,2024,0002011208
JBDI,JBDI Holdings Limited,2024-08-27,2024,0001964314
RITR,Reitar Logtech Holdings Limited,2024-08-23,2024,0001951229
WOK,WORK Medical Technology Group LTD,2024-08-23,2024,0001929783
SBXD,SilverBox Corp IV,2024-08-16,2024,0002015947
YXT,YXT.COM Group Holding Limited,2024-08-16,2024,0001872090
ACTU,"Actuate Therapeutics, Inc.",2024-08-13,2024,0001652935
OSTX,OS Therapies Incorporated,2024-08-01,2024,0001795091
NIPG,NIP Group Inc.,2024-07-26,2024,0001966233
CON,"Concentra Group Holdings Parent, Inc.",2024-07-25,2024,0002014596
LINE,"Lineage, Inc.",2024-07-25,2024,0001868159
ORKT,Orangekloud Technology Inc.,2024-07-25,2024,0001979407
OS,"OneStream, Inc.",2024-07-24,2024,0001889956
ARTV,"Artiva Biotherapeutics, Inc.",2024-07-19,2024,0001817241
QMMM,QMMM Holdings Limited,2024-07-19,2024,0001971542
ARDT,"Ardent Health, Inc.",2024-07-18,2024,0001756655
TWFG,"TWFG, Inc.",2024-07-18,2024,0002007596
ICON,Icon Energy Corp.,2024-07-12,2024,0001995574
EHGO,Eshallgo Inc.,2024-07-02,2024,0001879754
ALMS,Alumis Inc.,2024-06-28,2024,0001847367
LB,LandBridge Company LLC,2024-06-28,2024,0001995807
LSH,Lakeside Holding Limited,2024-06-28,2024,0001996192
TBN,Tamboran Resources Corporation,2024-06-27,2024,0001997652
WBTN,WEBTOON Entertainment Inc.,2024-06-27,2024,0001997859
GRAF,Graf Global Corp.,2024-06-26,2024,0001897463
RECT,Rectitude Holdings Ltd,2024-06-21,2024,0001995116
CUB,Lionheart Holdings,2024-06-18,2024,0002015955
TEM,"Tempus AI, Inc.",2024-06-14,2024,0001717115
PCSC,Perceptive Capital Solutions Corp,2024-06-12,2024,0002017526
RAPP,"Rapport Therapeutics, Inc.",2024-06-07,2024,0002012593
WAY,Waystar Holding Corp.,2024-06-07,2024,0001990354
FLYE,"Fly-E Group, Inc.",2024-06-06,2024,0001975940
GAUZ,Gauzy Ltd.,2024-06-06,2024,0001781446
BOW,Bowhead Specialty Holdings Inc.,2024-05-23,2024,0002002473
HDL,Super Hi International Holding Ltd.,2024-05-17,2024,0001995306
JDZG,JIADE Limited,2024-05-15,2024,0001976908
RAY,Raytech Holding Limited,2024-05-15,2024,0001948443
BTOC,Armlogi Holding Corp.,2024-05-14,2024,0001972529
PAL,"Proficient Auto Logistics, Inc.",2024-05-09,2024,0001998768
SVCO,"Silvaco Group, Inc.",2024-05-09,2024,0001943289
NNE,NANO Nuclear Energy Inc.,2024-05-08,2024,0001923891
CCIX,Churchill Capital Corp IX,2024-05-02,2024,0002006291
VIK,Viking Holdings Ltd,2024-05-01,2024,0001745201
ZONE,"CleanCore Solutions, Inc.",2024-04-26,2024,0001956741
LOAR,Loar Holdings Inc.,2024-04-25,2024,0002000178
MRX,Marex Group plc,2024-04-25,2024,0001997464
RBRK,"Rubrik, Inc.",2024-04-25,2024,0001943896
NCI,Neo-Concept International Group Holdings Limited,2024-04-23,2024,0001916331
MFI,mF International Limited,2024-04-22,2024,0001940941
YYGH,YY Group Holding Limited,2024-04-22,2024,0001985337
TRSG,Tungray Technologies Inc.,2024-04-19,2024,0001943444
CDTG,CDT Environmental Technology Investment Holdings Limited,2024-04-18,2024,0001793895
CTRI,"Centuri Holdings, Inc.",2024-04-18,2024,0001981599
IBTA,"Ibotta, Inc.",2024-04-18,2024,0001538379
MTEN,Mingteng International Corporation Inc.,2024-04-18,2024,0001948099
TWG,Top Wealth Group Holding Limited,2024-04-16,2024,0001978057
ULS,UL Solutions Inc.,2024-04-12,2024,0001901440
PACS,"PACS Group, Inc.",2024-04-11,2024,0002001184
MNDR,Mobile-health Network Solutions,2024-04-10,2024,0001976695
CTNM,"Contineum Therapeutics, Inc.",2024-04-05,2024,0001855175
MAMO,Massimo Group,2024-04-02,2024,0001952853
ZBAO,Zhibao Technology Inc.,2024-04-02,2024,0001966750
BOLD,"Boundless Bio, Inc.",2024-03-28,2024,0001782303
MMA,Mixed Martial Arts Group Limited,2024-03-28,2024,0001981519
UBXG,U-BX Technology Ltd.,2024-03-28,2024,0001888525
AUNA,Auna S.A.,2024-03-22,2024,0001799207
LOBO,Lobo Technologies Ltd.,2024-03-21,2024,0001932072
RDDT,"Reddit, Inc.",2024-03-21,2024,0001713445
ALAB,"Astera Labs, Inc.",2024-03-20,2024,0001736297
INTJ,Intelligent Group Limited,2024-03-20,2024,0001916416
RYDE,Ryde Group Ltd,2024-03-06,2024,0001971115
LGCL,Lucas GC Limited,2024-03-05,2024,0001954694
SMXT,"SolarMax Technology, Inc.",2024-02-27,2024,0001519472
VHAI,Vocodia Holdings Corp,2024-02-22,2024,0001880431
UMAC,"Unusual Machines, Inc.",2024-02-14,2024,0001956955
MGX,"Metagenomi Therapeutics, Inc.",2024-02-09,2024,0001785279
TBBB,BBB Foods Inc.,2024-02-09,2024,0001978954
TELO,"Telomir Pharmaceuticals, Inc.",2024-02-09,2024,0001971532
KYTX,"Kyverna Therapeutics, Inc.",2024-02-08,2024,0001994702
PMNT,Perfect Moment Ltd.,2024-02-08,2024,0001849221
AHR,"American Healthcare REIT, Inc.",2024-02-07,2024,0001632970
LEGT,Legato Merger Corp. III,2024-02-06,2024,0002002038
ANRO,"Alto Neuroscience, Inc.",2024-02-02,2024,0001999480
GUTS,"Fractyl Health, Inc.",2024-02-02,2024,0001572616
AS,"Amer Sports, Inc.",2024-02-01,2024,0001988894
FBLG,"FibroBiologics, Inc.",2024-01-31,2024,0001958777
AVBP,"ArriVent BioPharma, Inc.",2024-01-26,2024,0001868279
BTSG,"BrightSpring Health Services, Inc.",2024-01-26,2024,0001865782
HAO,Haoxi Health Technology Limited,2024-01-26,2024,0001954594
CGON,"CG Oncology, Inc.",2024-01-25,2024,0001991792
YIBO,Planet Image International Limited,2024-01-25,2024,0001868395
JL,J-Long Group Limited,2024-01-24,2024,0001948436
SUGP,SU Group Holdings Limited,2024-01-24,2024,0001969863
KSPI,Joint Stock Company Kaspi.kz,2024-01-19,2024,0001985487
CCTG,CCSC Technology International Holdings Limited,2024-01-18,2024,0001931717
PSBD,Palmer Square Capital BDC Inc.,2024-01-18,2024,0001794776
SYNX,Silynxcom Ltd.,2024-01-12,2024,0001976443
SDHC,Smith Douglas Homes Corp.,2024-01-11,2024,0001982518
ROMA,Roma Green Finance Limited,2024-01-09,2024,0001945240
SCPQ,Social Commerce Partners Corporation,2025-12-23,2025,0002083143
BEBE,TGE Value Creative Solutions Corp,2025-12-19,2025,0002079933
VHCP,Vine Hill Capital Investment Corp. II,2025-12-18,2025,0002086264
ANDG,Andersen Group Inc.,2025-12-17,2025,0002065708
CCXI,Churchill Capital Corp XI,2025-12-17,2025,0002074973
MDLN,Medline Inc.,2025-12-17,2025,0002046386
TWLV,Twelve Seas Investment Company III,2025-12-12,2025,0002052243
WLTH,Wealthfront Corporation,2025-12-12,2025,0001524566
KBON,Karbon Capital Partners Corp.,2025-12-11,2025,0002088749
LMRI,"Lumexa Imaging Holdings, Inc.",2025-12-11,2025,0002071288
CDNL,Cardinal Infrastructure Group Inc.,2025-12-10,2025,0002079999
JMG,JM Group Limited,2025-12-10,2025,0002049717
RGNT,Regentis Biomaterials Ltd.,2025-12-04,2025,0001912966
SMJF,SMJ International Holdings Inc.,2025-12-04,2025,0002070954
PARK,"Park Dental Partners, Inc.",2025-12-03,2025,0002069604
SBXE,SilverBox Corp V,2025-12-03,2025,0002081909
GLOO,"Gloo Holdings, Inc.",2025-11-19,2025,0002069785
OTH,Off The Hook YS Inc.,2025-11-13,2025,0002067767
POAS,Phaos Technology Holdings (Cayman) Limited,2025-11-13,2025,0002024258
AERO,"Grupo AeromÃ©xico, S.A.B. de C.V.",2025-11-06,2025,0001561861
BLLN,"BillionToOne, Inc.",2025-11-06,2025,0002070849
EVMN,"Evommune, Inc.",2025-11-06,2025,0002044725
ELWT,"Elauwit Connection, Inc.",2025-11-05,2025,0002063863
XZO,"Exzeo Group, Inc.",2025-11-05,2025,0001873951
BETA,"BETA Technologies, Inc.",2025-11-04,2025,0001784570
CEPV,"Cantor Equity Partners V, Inc.",2025-11-04,2025,0002034266
DNMX,Dynamix Corporation III,2025-10-30,2025,0002081125
NAVN,"Navan, Inc.",2025-10-30,2025,0001639723
DYOR,Insight Digital Partners II,2025-10-29,2025,0002079292
APXT,Apex Treasury Corporation,2025-10-28,2025,0002079253
MPLT,"MapLight Therapeutics, Inc.",2025-10-27,2025,0001770069
AGCC,Agencia Comercial Spirits Ltd,2025-10-22,2025,0002060016
NPT,Texxon Holding Limited,2025-10-22,2025,0002014337
AHMA,Ambitions Enterprise Management Co. L.L.C,2025-10-21,2025,0002010959
BGIN,Bgin Blockchain Limited,2025-10-21,2025,0001945565
MCTA,Charming Medical Limited,2025-10-21,2025,0002035992
ACCL,Acco Group Holdings Limited,2025-10-17,2025,0002038378
SLGB,Smart Logistics Global Limited,2025-10-15,2025,0001987189
TCGL,TechCreate Group Ltd.,2025-10-15,2025,0002047190
RPGL,Republic Power Group Limited,2025-10-14,2025,0001912884
ALH,Alliance Laundry Holdings Inc.,2025-10-09,2025,0001317685
LFS,"Leifras Co., Ltd.",2025-10-09,2025,0002030277
PXED,"Phoenix Education Partners, Inc.",2025-10-09,2025,0001600222
YDDL,One and one Green Technologies. Inc,2025-10-09,2025,0002034723
POM,Pomdoctor Limited,2025-10-08,2025,0001877971
GIW,GigCapital8 Corp.,2025-10-06,2025,0002080019
CCHH,CCH Holdings Ltd,2025-10-03,2025,0002074123
CBK,"Commercial Bancgroup, Inc.",2025-10-02,2025,0001981546
AGRZ,Agroz Inc.,2025-10-01,2025,0002009233
FRMI,Fermi Inc.,2025-10-01,2025,0002071778
NP,Neptune Insurance Holdings Inc.,2025-10-01,2025,0002067129
BCSS,Bain Capital GSS Investment Corp.,2025-09-30,2025,0002064355
BDCI,BTC Development Corp.,2025-09-30,2025,0002042292
KNRX,Knorex Ltd.,2025-09-29,2025,0001982960
MGN,Megan Holdings Limited,2025-09-26,2025,0001995075
PLTS,Platinum Analytics Cayman Limited,2025-09-19,2025,0002053033
PTRN,Pattern Group Inc.,2025-09-19,2025,0001811935
NTSK,"Netskope, Inc.",2025-09-18,2025,0002063196
STUB,"StubHub Holdings, Inc.",2025-09-17,2025,0001337634
WBI,WaterBridge Infrastructure LLC,2025-09-17,2025,0002064947
CHOW,ChowChow Cloud International Holdings Limited,2025-09-16,2025,0002041829
BRCB,"Black Rock Coffee Bar, Inc.",2025-09-12,2025,0002068577
FOFO,"Hang Feng Technology Innovation Co., Ltd.",2025-09-12,2025,0002060083
LGN,Legence Corp.,2025-09-12,2025,0002052568
VIA,"Via Transportation, Inc.",2025-09-12,2025,0001603015
FIGR,"Figure Technology Solutions, Inc.",2025-09-11,2025,0002064124
LBRX,LB Pharmaceuticals Inc,2025-09-11,2025,0001691082
KLAR,Klarna Group plc,2025-09-10,2025,0002003292
TLNC,Talon Capital Corp.,2025-09-09,2025,0002073340
ZGM,Zenta Group Company Limited,2025-09-09,2025,0002011458
FCHL,Fitness Champs Holdings Limited,2025-09-04,2025,0002023796
PMI,"Picard Medical, Inc.",2025-08-29,2025,0002030617
ELOG,Eastern International Ltd.,2025-08-28,2025,0002013320
TGHL,The Growhub Limited,2025-08-28,2025,0002024114
THH,TryHard Holdings Limited,2025-08-28,2025,0002044241
CURX,Curanex Pharmaceuticals Inc,2025-08-26,2025,0002025942
CEPF,"Cantor Equity Partners IV, Inc.",2025-08-21,2025,0002034267
ETS,Elite Express Holding Inc.,2025-08-21,2025,0002053641
YMT,Yimutian Inc.,2025-08-19,2025,0001991605
NUTR,NusaTrip Incorporated,2025-08-15,2025,0002006468
BUUU,BUUU Group Limited,2025-08-14,2025,0002047273
MIAX,"Miami International Holdings, Inc.",2025-08-14,2025,0001438472
NSRX,Nasus Pharma Ltd.,2025-08-14,2025,0002029039
RYOJ,"rYojbaba Co., Ltd.",2025-08-14,2025,0002012600
BLSH,Bullish,2025-08-13,2025,0001872195
HVMC,Highview Merger Corp.,2025-08-12,2025,0002070602
MAGH,Magnitude International Ltd,2025-08-12,2025,0002046117
DKI,Darkiris Inc.,2025-08-08,2025,0002058584
EFTY,"Etoiles Capital Group Co., Ltd",2025-08-08,2025,0002058349
HTFL,"HeartFlow, Inc.",2025-08-08,2025,0001464521
WYFI,"WhiteFiber, Inc.",2025-08-07,2025,0002042022
CTW,CTW Cayman,2025-08-06,2025,0002047148
FIG,"Figma, Inc.",2025-07-31,2025,0001579878
SI,"Shoulder Innovations, Inc.",2025-07-31,2025,0001699350
AMBQ,"Ambiq Micro, Inc.",2025-07-30,2025,0001500412
YMAT,"J-Star Holding Co., Ltd.",2025-07-30,2025,0001875016
ARX,Accelerant Holdings,2025-07-24,2025,0001997350
LHAI,Linkhome Holdings Inc.,2025-07-24,2025,0002017758
MH,"McGraw Hill, Inc.",2025-07-24,2025,0001951070
CARL,"Carlsmed, Inc.",2025-07-23,2025,0001794546
CRE,Cre8 Enterprise Limited,2025-07-23,2025,0002003977
NIQ,NIQ Global Intelligence plc,2025-07-23,2025,0002054696
TDIC,Dreamland Limited,2025-07-23,2025,0002041338
MJID,Majestic Ideal Holdings Ltd,2025-07-18,2025,
LAWR,"Robot Consulting Co., Ltd.",2025-07-17,2025,0002007599
KMRK,K-TECH Solutions Company Limited,2025-07-16,2025,0002049187
MGRT,Mega Fortune Company Limited,2025-07-16,2025,0002033377
BMHL,Bluemount Holdings Limited,2025-07-11,2025,0002027815
DLXY,Delixy Holdings Limited,2025-07-09,2025,0002025218
ANPA,Rich Sparkle Holdings Limited,2025-07-08,2025,0002031688
MSGY,Masonglory Limited,2025-07-08,2025,0002020228
TLIH,Ten-League International Holdings Limited,2025-07-08,2025,0001982012
MAMK,MaxsMaking Inc.,2025-07-07,2025,0002008007
CV,"CapsoVision, Inc.",2025-07-02,2025,0001378325
EMPG,Empro Group Inc.,2025-07-02,2025,0002005569
ORIQ,Origin Investment Corp I,2025-07-02,2025,0002044523
GRAN,Grande Group Limited,2025-07-01,2025,0002027722
CAEP,"Cantor Equity Partners III, Inc.",2025-06-26,2025,0002034268
JCAP,"Jefferson Capital, Inc.",2025-06-26,2025,0002046042
JLHL,Julong Holding Limited,2025-06-26,2025,0002007846
FMFC,Kandal M Venture Limited,2025-06-25,2025,0002024656
HCHL,Happy City Holdings Limited,2025-06-24,2025,0002046656
CAI,"Caris Life Sciences, Inc.",2025-06-18,2025,0002019410
EGG,Enigmatig Limited,2025-06-18,2025,0001982961
SLDE,"Slide Insurance Holdings, Inc.",2025-06-18,2025,0001886428
AIRO,"AIRO Group Holdings, Inc.",2025-06-13,2025,0001927958
CHYM,"Chime Financial, Inc.",2025-06-12,2025,0001795586
VNTG,Vantage Corp,2025-06-12,2025,0002027160
ASIC,Ategrity Specialty Insurance Company Holdings,2025-06-11,2025,0002040491
VOYG,"Voyager Technologies, Inc.",2025-06-11,2025,0001788060
JEM,707 Cayman Holdings Limited,2025-06-09,2025,0002018222
OMDA,"Omada Health, Inc.",2025-06-06,2025,0001611115
CRCL,"Circle Internet Group, Inc.",2025-06-05,2025,0001876042
PTNM,Pitanium Limited,2025-05-30,2025,0002046573
FTRK,Fast Track Group,2025-05-23,2025,0002027262
HNGE,"Hinge Health, Inc.",2025-05-22,2025,0001673743
MNTN,"MNTN, Inc.",2025-05-22,2025,0001891027
OFAL,OFA Group,2025-05-21,2025,0002036307
ANTA,Antalpha Platform Holding Company,2025-05-14,2025,0002044255
ETOR,eToro Group Ltd.,2025-05-14,2025,0001493318
OMSE,OMS Energy Technologies Inc.,2025-05-13,2025,0002012219
APUS,"Apimeds Pharmaceuticals US, Inc.",2025-05-09,2025,0001894525
AHL,Aspen Insurance Holdings Limited,2025-05-08,2025,0001267395
AII,"American Integrity Insurance Group, Inc.",2025-05-08,2025,0002007587
CEPT,"Cantor Equity Partners II, Inc.",2025-05-02,2025,0002034269
CGCT,Cartesian Growth Corporation III,2025-05-02,2025,0002049662
GTEN,"Gores Holdings X, Inc.",2025-05-02,2025,0001986817
SDM,Smart Digital Group Limited,2025-05-02,2025,0002014955
YB,Yuanbao Inc.,2025-04-30,2025,0001995520
PHOE,Phoenix Asia Holdings Limited,2025-04-25,2025,0002035709
CIGL,Concorde International Group Ltd.,2025-04-22,2025,0002001794
PFAI,Pinnacle Food Group Limited,2025-04-22,2025,0002032755
TMDE,TMD Energy Limited,2025-04-21,2025,0002009714
CHA,Chagee Holdings Limited,2025-04-17,2025,0002013649
EDHL,Everbright Digital Holding Limited,2025-04-17,2025,0002024876
HXHX,Haoxin Holdings Limited,2025-04-15,2025,0001936817
ATHR,"Aether Holdings, Inc.",2025-04-10,2025,0002026353
CUPR,Cuprina Holdings (Cayman) Limited,2025-04-10,2025,0001995704
IOTR,iOThree Limited,2025-04-10,2025,0001997637
MB,MasterBeef Group,2025-04-10,2025,0002027265
FATN,"FatPipe, Inc.",2025-04-08,2025,0001993400
RYET,Ruanyun Edai Technology Inc.,2025-04-08,2025,0001873454
BLIV,BeLive Holdings,2025-04-04,2025,0001982448
LHSW,Lianhe Sowell International Group Ltd,2025-04-03,2025,0002004024
SMA,"SmartStop Self Storage REIT, Inc.",2025-04-02,2025,0001585389
ENGS,Energys Group Limited,2025-04-01,2025,0001971828
WTF,Waton Financial Limited,2025-04-01,2025,0001987363
WXM,WF International Limited,2025-04-01,2025,0001979610
NMAX,Newsmax Inc.,2025-03-31,2025,0002026478
CRWV,"CoreWeave, Inc.",2025-03-28,2025,0001769628
NCT,Intercont (Cayman) Limited,2025-03-28,2025,0002018529
WFF,WF Holding Limited,2025-03-27,2025,0001980210
EPSM,Epsium Enterprise Limited,2025-03-26,2025,0001883437
LGPS,LogProstyle Inc.,2025-03-25,2025,0002040290
BIYA,Baiya International Group Inc.,2025-03-21,2025,0001944712
RCT,RedCloud Holdings plc,2025-03-21,2025,0002027360
MWYN,"Marwynn Holdings, Inc.",2025-03-13,2025,0002030522
MCRP,Micropolis AI Robotics,2025-03-07,2025,0001993431
SAGT,Sagtec Global Limited,2025-03-07,2025,0002029138
ADVB,Advanced Biomed Inc.,2025-03-06,2025,0001941029
JFB,JFB Construction Holdings,2025-03-06,2025,0002024306
KMTS,"Kestra Medical Technologies, Ltd.",2025-03-06,2025,0001877184
TBH,"Brag House Holdings, Inc.",2025-03-06,2025,0001903595
PN,Skycorp Solar Group Ltd,2025-03-04,2025,0002001288
NHIC,NewHold Investment Corp III,2025-02-28,2025,0002043699
LUD,Luda Technology Group Limited,2025-02-27,2025,0001984124
LZMH,LZ Technology Holdings Limited,2025-02-27,2025,0001967397
WETO,Webus International Limited,2025-02-27,2025,0001941158
STAK,STAK Inc.,2025-02-26,2025,0002002453
BMGL,Basel Medical Group Ltd,2025-02-25,2025,0002004489
WGRX,"Wellgistics Health, Inc.",2025-02-21,2025,0002030763
NNNN,Anbio Biotechnology,2025-02-19,2025,0001982708
NPB,"Northpointe Bancshares, Inc.",2025-02-14,2025,0001336706
AARD,"Aardvark Therapeutics, Inc.",2025-02-13,2025,0001774857
KRMN,Karman Holdings Inc.,2025-02-13,2025,0002040127
SAIL,"SailPoint, Inc.",2025-02-13,2025,0002030781
XHLD,"TEN Holdings, Inc.",2025-02-13,2025,0002030954
AGH,Aureus Greenway Holdings Inc.,2025-02-12,2025,0002009312
SION,"Sionna Therapeutics, Inc.",2025-02-07,2025,0002036042
TTAM,Titan America SA,2025-02-07,2025,0002035304
EPWK,EPWK Holdings Ltd.,2025-02-06,2025,0001900720
FBGL,FBS Global Limited,2025-02-06,2025,0001938534
CJMB,Callan JMB Inc.,2025-02-05,2025,0002032545
HCAI,"Huachen AI Parking Management Technology Holding Co., Ltd",2025-02-05,2025,0001958399
PLUT,Plutus Financial Group Limited,2025-02-05,2025,0001933021
INR,"Infinity Natural Resources, Inc.",2025-01-31,2025,0002029118
MAZE,"Maze Therapeutics, Inc.",2025-01-31,2025,0001842295
BBNX,"Beta Bionics, Inc.",2025-01-30,2025,0001674632
SVCC,Stellar V Capital Corp.,2025-01-30,2025,0002033593
FGMC,FG Merger II Corp.,2025-01-29,2025,0001906364
SFD,"Smithfield Foods, Inc.",2025-01-28,2025,0000091388
AAPG,Ascentage Pharma Group International,2025-01-24,2025,0002023311
VG,"Venture Global, Inc.",2025-01-24,2025,0002007855
SKBL,Skyline Builders Group Holding Limited,2025-01-23,2025,0002031009
DGNX,Diginex Limited,2025-01-22,2025,0002010499
DXST,Decent Holding Inc.,2025-01-22,2025,0001958133
TJGC,TJGC Group Limited,2025-01-22,2025,0001969928
TOPP,Toppoint Holdings Inc.,2025-01-22,2025,0001960847
HVII,Hennessy Capital Investment Corp. VII,2025-01-17,2025,0001846416
FLOC,Flowco Holdings Inc.,2025-01-16,2025,0002035149
PCLA,PicoCELA Inc.,2025-01-16,2025,0002018462
HKPD,"Cellyan Biotechnology Co., Ltd",2025-01-15,2025,0002007702
UFG,Uni-Fuels Holdings Limited,2025-01-14,2025,0002021688
MIMI,Mint Incorporation Limited,2025-01-10,2025,0001998560
MASK,3 E Network Technology Group Limited,2025-01-08,2025,0001993097
CEPO,"Cantor Equity Partners I, Inc.",2025-01-07,2025,0002027708
ZYBT,Zhengye Biotechnology Holding Limited,2025-01-07,2025,0001975641
INLF,INLIF Limited,2025-01-02,2025,0001991592
